"0","covs <- c(""cov_a"", ""cov_b"", ""cov_c"", ""cov_d"", ""cov_e"", ""cov_f.Middle"", "
"0","          ""cov_f.High"", ""Asqr"",""BC"", ""BD"", ""ps"", ""linps"")"
"0","d.q1 <- szd(quin1[covs], quin1$treated)"
"0","d.q2 <- szd(quin2[covs], quin2$treated)"
"0","d.q3 <- szd(quin3[covs], quin3$treated)"
"0","d.q4 <- szd(quin4[covs], quin4$treated)"
"0","d.q5 <- szd(quin5[covs], quin5$treated)"
"0","d.all <- szd(toy[covs], toy$treated)"
"0","toy.szd <- data_frame(covs, Overall = d.all, Q1 = d.q1, Q2 = d.q2, Q3 = d.q3, Q4 = d.q4, Q5 = d.q5)"
"0","toy.szd <- gather(toy.szd, ""quint"", ""sz.diff"", 2:7)"
"0","toy.szd"
