"0","rubin1.q1 <- with(quin1, abs(100*(mean(linps[treated==1]) - "
"0","                                      mean(linps[treated==0]))/sd(linps)))"
"0","rubin1.q2 <- with(quin2, abs(100*(mean(linps[treated==1]) - "
"0","                                      mean(linps[treated==0]))/sd(linps)))"
"0","rubin1.q3 <- with(quin3, abs(100*(mean(linps[treated==1]) - "
"0","                                      mean(linps[treated==0]))/sd(linps)))"
"0","rubin1.q4 <- with(quin4, abs(100*(mean(linps[treated==1]) - "
"0","                                      mean(linps[treated==0]))/sd(linps)))"
"0","rubin1.q5 <- with(quin5, abs(100*(mean(linps[treated==1]) - "
"0","                                      mean(linps[treated==0]))/sd(linps)))"
"0","rubin1.sub <- c(rubin1.q1, rubin1.q2, rubin1.q3, rubin1.q4, rubin1.q5)"
"0","names(rubin1.sub)=c(""Q1"", ""Q2"", ""Q3"", ""Q4"", ""Q5"")"
"0","rubin1.sub"
"1","        Q1 "
"1","        Q2 "
"1","        Q3 "
"1","        Q4 "
"1","        Q5 "
"1","
"
"1","125.831381 "
"1"," 14.775967 "
"1"," 22.061011 "
"1","  4.384187 "
"1","  0.176807 "
"1","
"
