"0","rubin3.both <- bind_rows(rubin3.unadj, rubin3.matched)"
"0","rubin3.both$source <- c(rep(""Unmatched"",10), rep(""Matched"", 10))"
"0","ggplot(rubin3.both, aes(x = resid.var.ratio, y = name, col = source)) +"
"0","    geom_point(size = 2) + "
"0","    theme_bw() +"
"0","    xlim(0.5, 2.0) +"
"0","    geom_vline(aes(xintercept = 1)) +"
"0","    geom_vline(aes(xintercept = 4/5), linetype = ""dashed"", col = ""red"") +"
"0","    geom_vline(aes(xintercept = 5/4), linetype = ""dashed"", col = ""red"") +"
"0","  labs(x = ""Residual Variance Ratio"", y = """") "
