{"chunk_definitions":[{"chunk_id":"csetup_chunk","chunk_label":"setup","document_id":"166AE422","expansion_state":0,"options":{"engine":"r","include":false,"label":"setup"},"row":22,"row_count":1,"visible":true},{"chunk_id":"cij46tz8ljsmn","chunk_label":"packages","document_id":"166AE422","expansion_state":0,"options":{"engine":"r","label":"packages"},"row":42,"row_count":1,"visible":true},{"chunk_id":"cn9f8tx8q74j5","chunk_label":"load_toy2","document_id":"166AE422","expansion_state":0,"options":{"engine":"r","label":"load_toy2"},"row":57,"row_count":1,"visible":true},{"chunk_id":"cxamw5y6e9joz","chunk_label":"unnamed-chunk-1","document_id":"166AE422","expansion_state":0,"options":{"engine":"r","label":"unnamed-chunk-1"},"row":77,"row_count":1,"visible":true},{"chunk_id":"c4nyldggabwiz","chunk_label":"unnamed-chunk-2","document_id":"166AE422","expansion_state":0,"options":{"engine":"r","label":"unnamed-chunk-2"},"row":85,"row_count":1,"visible":true},{"chunk_id":"cxogvr5zw3u98","chunk_label":"unnamed-chunk-3","document_id":"166AE422","expansion_state":0,"options":{"engine":"r","label":"unnamed-chunk-3"},"row":95,"row_count":1,"visible":true},{"chunk_id":"cjukuh64sxb00","chunk_label":"unnamed-chunk-4","document_id":"166AE422","expansion_state":0,"options":{"engine":"r","label":"unnamed-chunk-4"},"row":120,"row_count":1,"visible":true},{"chunk_id":"cadntwaeox5sm","chunk_label":"unnamed-chunk-5","document_id":"166AE422","expansion_state":0,"options":{"engine":"r","label":"unnamed-chunk-5"},"row":129,"row_count":1,"visible":true},{"chunk_id":"cpihkl68tumkj","chunk_label":"unnamed-chunk-6","document_id":"166AE422","expansion_state":0,"options":{"engine":"r","label":"unnamed-chunk-6"},"row":136,"row_count":1,"visible":true},{"chunk_id":"cyrlro04q9nf0","chunk_label":"unnamed-chunk-7","document_id":"166AE422","expansion_state":0,"options":{"engine":"r","label":"unnamed-chunk-7"},"row":142,"row_count":1,"visible":true},{"chunk_id":"cndyeovmywbab","chunk_label":"unnamed-chunk-8","document_id":"166AE422","expansion_state":0,"options":{"engine":"r","label":"unnamed-chunk-8"},"row":154,"row_count":1,"visible":true},{"chunk_id":"cnfef9c5i68g9","chunk_label":"unnamed-chunk-9","document_id":"166AE422","expansion_state":0,"options":{"engine":"r","label":"unnamed-chunk-9"},"row":172,"row_count":1,"visible":true},{"chunk_id":"cf9qkyu3k906p","chunk_label":"unnamed-chunk-10","document_id":"166AE422","expansion_state":0,"options":{"engine":"r","label":"unnamed-chunk-10"},"row":185,"row_count":1,"visible":true},{"chunk_id":"cjoyfx89w90sg","chunk_label":"unnamed-chunk-11","document_id":"166AE422","expansion_state":0,"options":{"engine":"r","label":"unnamed-chunk-11"},"row":191,"row_count":1,"visible":true},{"chunk_id":"cmonrfszgp8vv","chunk_label":"unnamed-chunk-12","document_id":"166AE422","expansion_state":0,"options":{"engine":"r","label":"unnamed-chunk-12"},"row":202,"row_count":1,"visible":true},{"chunk_id":"c4b1uof0b0hay","chunk_label":"unnamed-chunk-13","document_id":"166AE422","expansion_state":0,"options":{"engine":"r","label":"unnamed-chunk-13"},"row":213,"row_count":1,"visible":true},{"chunk_id":"c2chprc4m6z9f","chunk_label":"unnamed-chunk-14","document_id":"166AE422","expansion_state":0,"options":{"engine":"r","label":"unnamed-chunk-14"},"row":225,"row_count":1,"visible":true},{"chunk_id":"c756lqynu94ps","chunk_label":"unnamed-chunk-15","document_id":"166AE422","expansion_state":0,"options":{"engine":"r","label":"unnamed-chunk-15"},"row":260,"row_count":1,"visible":true},{"chunk_id":"cf4yf0yx878tc","chunk_label":"unnamed-chunk-16","document_id":"166AE422","expansion_state":0,"options":{"engine":"r","label":"unnamed-chunk-16"},"row":267,"row_count":1,"visible":true},{"chunk_id":"cxjqktpzo8l9j","chunk_label":"unnamed-chunk-17","document_id":"166AE422","expansion_state":0,"options":{"engine":"r","label":"unnamed-chunk-17"},"row":273,"row_count":1,"visible":true},{"chunk_id":"ch6oxs7avzyep","chunk_label":"unnamed-chunk-18","document_id":"166AE422","expansion_state":0,"options":{"engine":"r","label":"unnamed-chunk-18"},"row":280,"row_count":1,"visible":true}],"doc_write_time":1549250387}