"0","rubin3.q1 <- rubin3(data=quin1, covlist=quin1[covs])"
"0","rubin3.q2 <- rubin3(data=quin2, covlist=quin2[covs])"
"0","rubin3.q3 <- rubin3(data=quin3, covlist=quin3[covs])"
"0","rubin3.q4 <- rubin3(data=quin4, covlist=quin4[covs])"
"0","rubin3.q5 <- rubin3(data=quin5, covlist=quin5[covs])"
"0","toy.rubin3 <- data_frame(covs, All = rubin3.unadj$resid.var.ratio, "
"0","                         Q1 = rubin3.q1$resid.var.ratio, "
"0","                         Q2 = rubin3.q2$resid.var.ratio, "
"0","                         Q3 = rubin3.q3$resid.var.ratio, "
"0","                         Q4 = rubin3.q4$resid.var.ratio, "
"0","                         Q5 = rubin3.q5$resid.var.ratio)"
"0","toy.rubin3 <- gather(toy.rubin3, ""quint"", ""rubin3"", 2:7)"
