"0","toy.codebook <- data_frame("
"0","    Variable = dput(names(toy)),"
"0","    Type = c(""Subject ID"", ""2-level categorical (0/1)"", ""Quantitative (2 decimal places)"","
"0","                         ""2-level categorical (0/1)"", ""Quantitative (1 decimal place)"","
"0","                         ""Quantitative (1 decimal place)"", ""Integer"","
"0","                         ""3-level ordinal factor"", ""Quantitative outcome"","
"0","                         ""Binary outcome (did event occur?)"", ""Time to event outcome""),"
"0","    Notes = c(""labels are T_001 to T_400"", ""0 = control, 1 = treated"", "
"0","              ""reasonable values range from 0 to 6"", ""0 = no, 1 = yes"","
"0","              ""plausible range 3-20"", ""plausible range 3-20"", ""plausible range 3-20"", "
"0","              ""1 = Low, 2 = Middle, 3 = High"","
"0","              ""typical values 10-100"", ""Yes/No (note: event is bad)"", "
"0","              ""Time before event is observed or subject exits study (censored), range is 76-154 weeks""))"
"1","c(""subject"", ""treated"", ""cov_a"", ""cov_b"", ""cov_c"", ""cov_d"", ""cov_e"", 
"
"1","""cov_f"", ""out1_cost"", ""out2_event"", ""out3_time"")
"
"0","toy.codebook"
