{"chunk_definitions":[{"chunk_id":"csetup_chunk","chunk_label":"setup","document_id":"3AD24B37","expansion_state":0,"options":{"engine":"r","include":false,"label":"setup"},"row":20,"row_count":1,"visible":true},{"chunk_id":"ch4gm5k2a167n","chunk_label":"packages","document_id":"3AD24B37","expansion_state":0,"options":{"engine":"r","label":"packages"},"row":36,"row_count":1,"visible":true},{"chunk_id":"c3qjesmm78h84","chunk_label":"load_toy2","document_id":"3AD24B37","expansion_state":0,"options":{"engine":"r","label":"load_toy2"},"row":54,"row_count":1,"visible":true},{"chunk_id":"cu06b1rmf188d","chunk_label":"unnamed-chunk-1","document_id":"3AD24B37","expansion_state":0,"options":{"engine":"r","label":"unnamed-chunk-65"},"row":74,"row_count":1,"visible":true},{"chunk_id":"cat8kpbld5cq6","chunk_label":"unnamed-chunk-2","document_id":"3AD24B37","expansion_state":0,"options":{"engine":"r","label":"unnamed-chunk-66"},"row":82,"row_count":1,"visible":true},{"chunk_id":"chwoepx1q7hkq","chunk_label":"unnamed-chunk-3","document_id":"3AD24B37","expansion_state":0,"options":{"engine":"r","label":"unnamed-chunk-67"},"row":92,"row_count":1,"visible":true},{"chunk_id":"c2ye8xuj2gr47","chunk_label":"unnamed-chunk-4","document_id":"3AD24B37","expansion_state":0,"options":{"engine":"r","label":"unnamed-chunk-68"},"row":117,"row_count":1,"visible":true},{"chunk_id":"ciwlut4xcyxxh","chunk_label":"unnamed-chunk-5","document_id":"3AD24B37","expansion_state":0,"options":{"engine":"r","label":"unnamed-chunk-69"},"row":129,"row_count":1,"visible":true},{"chunk_id":"cyqg22o29t1sw","chunk_label":"unnamed-chunk-6","document_id":"3AD24B37","expansion_state":0,"options":{"engine":"r","label":"unnamed-chunk-70"},"row":138,"row_count":1,"visible":true},{"chunk_id":"cv4loqrv6p8mw","chunk_label":"unnamed-chunk-7","document_id":"3AD24B37","expansion_state":0,"options":{"engine":"r","label":"unnamed-chunk-71"},"row":144,"row_count":1,"visible":true},{"chunk_id":"cm4qwvi4u44s1","chunk_label":"unnamed-chunk-8","document_id":"3AD24B37","expansion_state":0,"options":{"engine":"r","label":"unnamed-chunk-72"},"row":156,"row_count":1,"visible":true},{"chunk_id":"c71wc8m1eb7yx","chunk_label":"unnamed-chunk-9","document_id":"3AD24B37","expansion_state":0,"options":{"engine":"r","label":"unnamed-chunk-73"},"row":174,"row_count":1,"visible":true},{"chunk_id":"c1rbceiih80v9","chunk_label":"unnamed-chunk-10","document_id":"3AD24B37","expansion_state":0,"options":{"engine":"r","label":"unnamed-chunk-74"},"row":187,"row_count":1,"visible":true},{"chunk_id":"cdy1vd6nzyxcl","chunk_label":"unnamed-chunk-11","document_id":"3AD24B37","expansion_state":0,"options":{"engine":"r","label":"unnamed-chunk-75"},"row":193,"row_count":1,"visible":true},{"chunk_id":"c0cuezqgse4yp","chunk_label":"unnamed-chunk-12","document_id":"3AD24B37","expansion_state":0,"options":{"engine":"r","label":"unnamed-chunk-76"},"row":204,"row_count":1,"visible":true},{"chunk_id":"ctqrn2gcix1lb","chunk_label":"unnamed-chunk-13","document_id":"3AD24B37","expansion_state":0,"options":{"engine":"r","label":"unnamed-chunk-77"},"row":215,"row_count":1,"visible":true},{"chunk_id":"cukc19pps3k3x","chunk_label":"unnamed-chunk-14","document_id":"3AD24B37","expansion_state":0,"options":{"engine":"r","label":"unnamed-chunk-78"},"row":227,"row_count":1,"visible":true},{"chunk_id":"c7elsbml8iocc","chunk_label":"unnamed-chunk-15","document_id":"3AD24B37","expansion_state":0,"options":{"engine":"r","label":"unnamed-chunk-79"},"row":231,"row_count":1,"visible":true},{"chunk_id":"cpr8jb3kejsej","chunk_label":"unnamed-chunk-16","document_id":"3AD24B37","expansion_state":0,"options":{"engine":"r","label":"unnamed-chunk-80"},"row":265,"row_count":1,"visible":true},{"chunk_id":"c0sjscavg7gw3","chunk_label":"unnamed-chunk-17","document_id":"3AD24B37","expansion_state":0,"options":{"engine":"r","label":"unnamed-chunk-81"},"row":272,"row_count":1,"visible":true},{"chunk_id":"cf890m725fhaq","chunk_label":"unnamed-chunk-18","document_id":"3AD24B37","expansion_state":0,"options":{"engine":"r","label":"unnamed-chunk-82"},"row":278,"row_count":1,"visible":true},{"chunk_id":"c9u22e3mksh8x","chunk_label":"unnamed-chunk-19","document_id":"3AD24B37","expansion_state":0,"options":{"engine":"r","label":"unnamed-chunk-83"},"row":285,"row_count":1,"visible":true},{"chunk_id":"cpj8vs3528xzz","chunk_label":"unnamed-chunk-20","document_id":"3AD24B37","expansion_state":0,"options":{"engine":"r","label":"unnamed-chunk-84"},"row":297,"row_count":1,"visible":true},{"chunk_id":"c9wk22trp8fcl","chunk_label":"unnamed-chunk-21","document_id":"3AD24B37","expansion_state":0,"options":{"engine":"r","label":"unnamed-chunk-85"},"row":303,"row_count":1,"visible":true},{"chunk_id":"cmb1u8ky9odl3","chunk_label":"unnamed-chunk-22","document_id":"3AD24B37","expansion_state":0,"options":{"engine":"r","label":"unnamed-chunk-86"},"row":322,"row_count":1,"visible":true},{"chunk_id":"cf3c4f2sr41a1","chunk_label":"unnamed-chunk-23","document_id":"3AD24B37","expansion_state":0,"options":{"engine":"r","label":"unnamed-chunk-87"},"row":338,"row_count":1,"visible":true},{"chunk_id":"cjccyuv61lyff","chunk_label":"unnamed-chunk-24","document_id":"3AD24B37","expansion_state":0,"options":{"engine":"r","label":"unnamed-chunk-88"},"row":344,"row_count":1,"visible":true},{"chunk_id":"cyo63udrhu8w5","chunk_label":"unnamed-chunk-25","document_id":"3AD24B37","expansion_state":0,"options":{"engine":"r","label":"unnamed-chunk-89"},"row":352,"row_count":1,"visible":true},{"chunk_id":"c8ibs4rs5d6g1","chunk_label":"unnamed-chunk-26","document_id":"3AD24B37","expansion_state":0,"options":{"engine":"r","label":"unnamed-chunk-90"},"row":365,"row_count":1,"visible":true},{"chunk_id":"cxk4stfd80q7o","chunk_label":"unnamed-chunk-27","document_id":"3AD24B37","expansion_state":0,"options":{"engine":"r","label":"unnamed-chunk-91"},"row":374,"row_count":1,"visible":true},{"chunk_id":"cacpli0cog0u3","chunk_label":"unnamed-chunk-28","document_id":"3AD24B37","expansion_state":0,"options":{"engine":"r","label":"unnamed-chunk-92"},"row":384,"row_count":1,"visible":true},{"chunk_id":"chmgsymw3mkzz","chunk_label":"unnamed-chunk-29","document_id":"3AD24B37","expansion_state":0,"options":{"engine":"r","label":"unnamed-chunk-93"},"row":395,"row_count":1,"visible":true},{"chunk_id":"clx42ca675phm","chunk_label":"unnamed-chunk-30","document_id":"3AD24B37","expansion_state":0,"options":{"engine":"r","label":"unnamed-chunk-94"},"row":416,"row_count":1,"visible":true},{"chunk_id":"ctenh4aussi73","chunk_label":"unnamed-chunk-31","document_id":"3AD24B37","expansion_state":0,"options":{"engine":"r","label":"unnamed-chunk-95"},"row":423,"row_count":1,"visible":true},{"chunk_id":"ci787xpk9otr0","chunk_label":"unnamed-chunk-32","document_id":"3AD24B37","expansion_state":0,"options":{"engine":"r","label":"unnamed-chunk-96"},"row":431,"row_count":1,"visible":true},{"chunk_id":"cregnibt93f24","chunk_label":"unnamed-chunk-33","document_id":"3AD24B37","expansion_state":0,"options":{"engine":"r","label":"unnamed-chunk-97"},"row":438,"row_count":1,"visible":true},{"chunk_id":"cxrb6he65dagi","chunk_label":"unnamed-chunk-34","document_id":"3AD24B37","expansion_state":0,"options":{"engine":"r","label":"unnamed-chunk-98"},"row":445,"row_count":1,"visible":true},{"chunk_id":"cg30ymqg4pyws","chunk_label":"unnamed-chunk-35","document_id":"3AD24B37","expansion_state":0,"options":{"engine":"r","label":"unnamed-chunk-99"},"row":452,"row_count":1,"visible":true},{"chunk_id":"cuzwgxi0a87ve","chunk_label":"unnamed-chunk-36","document_id":"3AD24B37","expansion_state":0,"options":{"engine":"r","label":"unnamed-chunk-100"},"row":472,"row_count":1,"visible":true},{"chunk_id":"cuzb6dekzxnie","chunk_label":"unnamed-chunk-37","document_id":"3AD24B37","expansion_state":0,"options":{"engine":"r","label":"unnamed-chunk-101"},"row":493,"row_count":1,"visible":true},{"chunk_id":"ccwwr2mmpyovi","chunk_label":"rubin3 function","document_id":"3AD24B37","expansion_state":0,"options":{"engine":"r","label":"rubin3 function"},"row":517,"row_count":1,"visible":true},{"chunk_id":"cwp8vagii9b7a","chunk_label":"unnamed-chunk-38","document_id":"3AD24B37","expansion_state":0,"options":{"engine":"r","label":"unnamed-chunk-103"},"row":529,"row_count":1,"visible":true},{"chunk_id":"c092ourcr8lyd","chunk_label":"rubin3_chart","document_id":"3AD24B37","expansion_state":0,"options":{"engine":"r","label":"rubin3_chart"},"row":544,"row_count":1,"visible":true},{"chunk_id":"cxo6hbz8a306d","chunk_label":"unnamed-chunk-39","document_id":"3AD24B37","expansion_state":0,"options":{"engine":"r","label":"unnamed-chunk-106"},"row":557,"row_count":1,"visible":true},{"chunk_id":"ck9hcj70q97v7","chunk_label":"unnamed-chunk-40","document_id":"3AD24B37","expansion_state":0,"options":{"engine":"r","label":"unnamed-chunk-107"},"row":568,"row_count":1,"visible":true},{"chunk_id":"c15dbvobava3b","chunk_label":"unnamed-chunk-41","document_id":"3AD24B37","expansion_state":0,"options":{"engine":"r","label":"unnamed-chunk-108"},"row":580,"row_count":1,"visible":true},{"chunk_id":"cng4tf8taa30z","chunk_label":"unnamed-chunk-42","document_id":"3AD24B37","expansion_state":0,"options":{"engine":"r","label":"unnamed-chunk-109"},"row":590,"row_count":1,"visible":true},{"chunk_id":"c0epw285m6kbc","chunk_label":"unnamed-chunk-43","document_id":"3AD24B37","expansion_state":0,"options":{"engine":"r","label":"unnamed-chunk-110"},"row":597,"row_count":1,"visible":true},{"chunk_id":"clir1gho3rscs","chunk_label":"unnamed-chunk-44","document_id":"3AD24B37","expansion_state":0,"options":{"engine":"r","label":"unnamed-chunk-111"},"row":613,"row_count":1,"visible":true},{"chunk_id":"cxozs3ztg5eyp","chunk_label":"unnamed-chunk-45","document_id":"3AD24B37","expansion_state":0,"options":{"engine":"r","label":"unnamed-chunk-112"},"row":621,"row_count":1,"visible":true},{"chunk_id":"cvnqjmjdw6wmr","chunk_label":"unnamed-chunk-46","document_id":"3AD24B37","expansion_state":0,"options":{"engine":"r","label":"unnamed-chunk-113"},"row":630,"row_count":1,"visible":true},{"chunk_id":"chx2y3llauigf","chunk_label":"unnamed-chunk-47","document_id":"3AD24B37","expansion_state":0,"options":{"engine":"r","label":"unnamed-chunk-114"},"row":640,"row_count":1,"visible":true},{"chunk_id":"c918iwzlduh9l","chunk_label":"unnamed-chunk-48","document_id":"3AD24B37","expansion_state":0,"options":{"engine":"r","label":"unnamed-chunk-115"},"row":656,"row_count":1,"visible":true},{"chunk_id":"cmvqtz2dkc05b","chunk_label":"unnamed-chunk-49","document_id":"3AD24B37","expansion_state":0,"options":{"engine":"r","label":"unnamed-chunk-116"},"row":665,"row_count":1,"visible":true},{"chunk_id":"c0f0py9o4x8mc","chunk_label":"unnamed-chunk-50","document_id":"3AD24B37","expansion_state":0,"options":{"engine":"r","label":"unnamed-chunk-117"},"row":673,"row_count":1,"visible":true},{"chunk_id":"cvbyu4g44wch1","chunk_label":"unnamed-chunk-51","document_id":"3AD24B37","expansion_state":0,"options":{"engine":"r","label":"unnamed-chunk-118"},"row":685,"row_count":1,"visible":true},{"chunk_id":"cwzeraz7wccjy","chunk_label":"unnamed-chunk-52","document_id":"3AD24B37","expansion_state":0,"options":{"engine":"r","label":"unnamed-chunk-119"},"row":693,"row_count":1,"visible":true},{"chunk_id":"czb5csqmmhm8u","chunk_label":"unnamed-chunk-53","document_id":"3AD24B37","expansion_state":0,"options":{"engine":"r","label":"unnamed-chunk-120"},"row":705,"row_count":1,"visible":true},{"chunk_id":"cdcy368t10rg6","chunk_label":"unnamed-chunk-54","document_id":"3AD24B37","expansion_state":0,"options":{"engine":"r","label":"unnamed-chunk-121"},"row":712,"row_count":1,"visible":true},{"chunk_id":"cmnu7nr65phc2","chunk_label":"unnamed-chunk-55","document_id":"3AD24B37","expansion_state":0,"options":{"engine":"r","label":"unnamed-chunk-122"},"row":726,"row_count":1,"visible":true},{"chunk_id":"ctg5gzootbbnx","chunk_label":"unnamed-chunk-56","document_id":"3AD24B37","expansion_state":0,"options":{"engine":"r","label":"unnamed-chunk-123"},"row":740,"row_count":1,"visible":true},{"chunk_id":"cqsjpruu0tq87","chunk_label":"rubin3 dot chart pre and post match","document_id":"3AD24B37","expansion_state":0,"options":{"engine":"r","label":"rubin3 dot chart pre and post match"},"row":758,"row_count":1,"visible":true},{"chunk_id":"cn4ja2fxpi67n","chunk_label":"unnamed-chunk-57","document_id":"3AD24B37","expansion_state":0,"options":{"engine":"r","label":"unnamed-chunk-124"},"row":776,"row_count":1,"visible":true},{"chunk_id":"c2lt7yuu62ld9","chunk_label":"unnamed-chunk-58","document_id":"3AD24B37","expansion_state":0,"options":{"engine":"r","label":"unnamed-chunk-125"},"row":785,"row_count":1,"visible":true},{"chunk_id":"cd1qkwz6d4u4a","chunk_label":"unnamed-chunk-59","document_id":"3AD24B37","expansion_state":0,"options":{"engine":"r","label":"unnamed-chunk-126"},"row":807,"row_count":1,"visible":true},{"chunk_id":"csm8ui1vpa9rt","chunk_label":"unnamed-chunk-60","document_id":"3AD24B37","expansion_state":0,"options":{"engine":"r","label":"unnamed-chunk-127"},"row":823,"row_count":1,"visible":true},{"chunk_id":"cdm11pb0wrq06","chunk_label":"unnamed-chunk-61","document_id":"3AD24B37","expansion_state":0,"options":{"engine":"r","label":"unnamed-chunk-128"},"row":832,"row_count":1,"visible":true},{"chunk_id":"czoqlo5bkkgo7","chunk_label":"unnamed-chunk-62","document_id":"3AD24B37","expansion_state":0,"options":{"engine":"r","label":"unnamed-chunk-129"},"row":859,"row_count":1,"visible":true},{"chunk_id":"cg95isggv5z4b","chunk_label":"unnamed-chunk-63","document_id":"3AD24B37","expansion_state":0,"options":{"engine":"r","label":"unnamed-chunk-130"},"row":870,"row_count":1,"visible":true},{"chunk_id":"c4e0pg6jrhofp","chunk_label":"unnamed-chunk-64","document_id":"3AD24B37","expansion_state":0,"options":{"engine":"r","label":"unnamed-chunk-131"},"row":880,"row_count":1,"visible":true},{"chunk_id":"cx67llsbo28cd","chunk_label":"unnamed-chunk-65","document_id":"3AD24B37","expansion_state":0,"options":{"engine":"r","label":"unnamed-chunk-132"},"row":901,"row_count":1,"visible":true},{"chunk_id":"ctxf5eh7mbems","chunk_label":"unnamed-chunk-66","document_id":"3AD24B37","expansion_state":0,"options":{"engine":"r","label":"unnamed-chunk-133"},"row":909,"row_count":1,"visible":true},{"chunk_id":"c5npfq61tfvem","chunk_label":"unnamed-chunk-67","document_id":"3AD24B37","expansion_state":0,"options":{"engine":"r","label":"unnamed-chunk-134"},"row":918,"row_count":1,"visible":true},{"chunk_id":"cscjl7wr0tjac","chunk_label":"unnamed-chunk-68","document_id":"3AD24B37","expansion_state":0,"options":{"engine":"r","label":"unnamed-chunk-135"},"row":941,"row_count":1,"visible":true},{"chunk_id":"c35a3zfzk3wtl","chunk_label":"unnamed-chunk-69","document_id":"3AD24B37","expansion_state":0,"options":{"engine":"r","label":"unnamed-chunk-136"},"row":947,"row_count":1,"visible":true},{"chunk_id":"c4cy36lspx5pv","chunk_label":"unnamed-chunk-70","document_id":"3AD24B37","expansion_state":0,"options":{"engine":"r","label":"unnamed-chunk-137"},"row":960,"row_count":1,"visible":true},{"chunk_id":"cren1myb1hy28","chunk_label":"unnamed-chunk-71","document_id":"3AD24B37","expansion_state":0,"options":{"engine":"r","label":"unnamed-chunk-138"},"row":966,"row_count":1,"visible":true},{"chunk_id":"cabub85egk2lb","chunk_label":"unnamed-chunk-72","document_id":"3AD24B37","expansion_state":0,"options":{"engine":"r","label":"unnamed-chunk-139"},"row":979,"row_count":1,"visible":true},{"chunk_id":"ckajahmigmip8","chunk_label":"unnamed-chunk-73","document_id":"3AD24B37","expansion_state":0,"options":{"engine":"r","label":"unnamed-chunk-140"},"row":999,"row_count":1,"visible":true},{"chunk_id":"c43jduotnmwy2","chunk_label":"unnamed-chunk-74","document_id":"3AD24B37","expansion_state":0,"options":{"engine":"r","label":"unnamed-chunk-141"},"row":1013,"row_count":1,"visible":true},{"chunk_id":"c6nirmxe1kxuq","chunk_label":"unnamed-chunk-75","document_id":"3AD24B37","expansion_state":0,"options":{"engine":"r","label":"unnamed-chunk-142"},"row":1032,"row_count":1,"visible":true},{"chunk_id":"ccwsbtt30erfm","chunk_label":"unnamed-chunk-76","document_id":"3AD24B37","expansion_state":0,"options":{"engine":"r","label":"unnamed-chunk-143"},"row":1045,"row_count":1,"visible":true},{"chunk_id":"cs63i7rhqjro4","chunk_label":"unnamed-chunk-77","document_id":"3AD24B37","expansion_state":0,"options":{"engine":"r","label":"unnamed-chunk-144"},"row":1057,"row_count":1,"visible":true},{"chunk_id":"cajydizcozqla","chunk_label":"unnamed-chunk-78","document_id":"3AD24B37","expansion_state":0,"options":{"engine":"r","label":"unnamed-chunk-145"},"row":1070,"row_count":1,"visible":true},{"chunk_id":"csxw8hrigssob","chunk_label":"unnamed-chunk-79","document_id":"3AD24B37","expansion_state":0,"options":{"engine":"r","label":"unnamed-chunk-146"},"row":1090,"row_count":1,"visible":true},{"chunk_id":"c126gabqqv40l","chunk_label":"unnamed-chunk-80","document_id":"3AD24B37","expansion_state":0,"options":{"engine":"r","label":"unnamed-chunk-147"},"row":1101,"row_count":1,"visible":true},{"chunk_id":"c08y1g0ksh4om","chunk_label":"unnamed-chunk-81","document_id":"3AD24B37","expansion_state":0,"options":{"engine":"r","label":"unnamed-chunk-148"},"row":1116,"row_count":1,"visible":true},{"chunk_id":"cuki1myddwg34","chunk_label":"unnamed-chunk-82","document_id":"3AD24B37","expansion_state":0,"options":{"engine":"r","label":"unnamed-chunk-149"},"row":1128,"row_count":1,"visible":true},{"chunk_id":"c6yuq2as9e4od","chunk_label":"unnamed-chunk-83","document_id":"3AD24B37","expansion_state":0,"options":{"engine":"r","label":"unnamed-chunk-150"},"row":1147,"row_count":1,"visible":true},{"chunk_id":"ciwlhkgnb3xao","chunk_label":"unnamed-chunk-84","document_id":"3AD24B37","expansion_state":0,"options":{"engine":"r","label":"unnamed-chunk-151"},"row":1160,"row_count":1,"visible":true},{"chunk_id":"c87dn2yk4n8wu","chunk_label":"unnamed-chunk-85","document_id":"3AD24B37","expansion_state":0,"options":{"engine":"r","label":"unnamed-chunk-152"},"row":1178,"row_count":1,"visible":true},{"chunk_id":"c839ocs34e26t","chunk_label":"unnamed-chunk-86","document_id":"3AD24B37","expansion_state":0,"options":{"engine":"r","label":"unnamed-chunk-153"},"row":1188,"row_count":1,"visible":true},{"chunk_id":"c3402e1k87rc7","chunk_label":"unnamed-chunk-87","document_id":"3AD24B37","expansion_state":0,"options":{"engine":"r","label":"unnamed-chunk-154"},"row":1201,"row_count":1,"visible":true},{"chunk_id":"cfrbkip6tjul7","chunk_label":"unnamed-chunk-88","document_id":"3AD24B37","expansion_state":0,"options":{"engine":"r","label":"unnamed-chunk-155"},"row":1210,"row_count":1,"visible":true},{"chunk_id":"cg75x74s38xzt","chunk_label":"unnamed-chunk-89","document_id":"3AD24B37","expansion_state":0,"options":{"engine":"r","label":"unnamed-chunk-156"},"row":1226,"row_count":1,"visible":true},{"chunk_id":"c0wneg0xs4yjb","chunk_label":"unnamed-chunk-90","document_id":"3AD24B37","expansion_state":0,"options":{"engine":"r","label":"unnamed-chunk-157"},"row":1237,"row_count":1,"visible":true},{"chunk_id":"c0c8lbnchx4yz","chunk_label":"unnamed-chunk-91","document_id":"3AD24B37","expansion_state":0,"options":{"engine":"r","label":"unnamed-chunk-158"},"row":1250,"row_count":1,"visible":true},{"chunk_id":"clmimz48g79o7","chunk_label":"unnamed-chunk-92","document_id":"3AD24B37","expansion_state":0,"options":{"engine":"r","label":"unnamed-chunk-159"},"row":1259,"row_count":1,"visible":true},{"chunk_id":"cq3z0nawnucd6","chunk_label":"unnamed-chunk-93","document_id":"3AD24B37","expansion_state":0,"options":{"engine":"r","label":"unnamed-chunk-160"},"row":1272,"row_count":1,"visible":true},{"chunk_id":"cs9ksk8hq4zm0","chunk_label":"unnamed-chunk-94","document_id":"3AD24B37","expansion_state":0,"options":{"engine":"r","label":"unnamed-chunk-161"},"row":1281,"row_count":1,"visible":true},{"chunk_id":"c6l05qdc2p7bg","chunk_label":"unnamed-chunk-95","document_id":"3AD24B37","expansion_state":0,"options":{"engine":"r","label":"unnamed-chunk-162"},"row":1304,"row_count":1,"visible":true},{"chunk_id":"calbpobv6bze0","chunk_label":"unnamed-chunk-96","document_id":"3AD24B37","expansion_state":0,"options":{"engine":"r","label":"unnamed-chunk-163"},"row":1316,"row_count":1,"visible":true},{"chunk_id":"cznklg8ozv2p2","chunk_label":"unnamed-chunk-97","document_id":"3AD24B37","expansion_state":0,"options":{"engine":"r","label":"unnamed-chunk-164"},"row":1323,"row_count":1,"visible":true},{"chunk_id":"c4mbnb8ylop8b","chunk_label":"unnamed-chunk-98","document_id":"3AD24B37","expansion_state":0,"options":{"engine":"r","label":"unnamed-chunk-165"},"row":1335,"row_count":1,"visible":true},{"chunk_id":"c6qa3gxnwyeyd","chunk_label":"unnamed-chunk-99","document_id":"3AD24B37","expansion_state":0,"options":{"engine":"r","label":"unnamed-chunk-166"},"row":1359,"row_count":1,"visible":true},{"chunk_id":"czmz0t2m36bpm","chunk_label":"unnamed-chunk-100","document_id":"3AD24B37","expansion_state":0,"options":{"engine":"r","label":"unnamed-chunk-167"},"row":1371,"row_count":1,"visible":true},{"chunk_id":"cowhkl0ut1x0s","chunk_label":"unnamed-chunk-101","document_id":"3AD24B37","expansion_state":0,"options":{"engine":"r","label":"unnamed-chunk-168"},"row":1383,"row_count":1,"visible":true},{"chunk_id":"cpceuyqysakxc","chunk_label":"unnamed-chunk-102","document_id":"3AD24B37","expansion_state":0,"options":{"engine":"r","label":"unnamed-chunk-169"},"row":1393,"row_count":1,"visible":true},{"chunk_id":"c2iytctmet1ki","chunk_label":"unnamed-chunk-103","document_id":"3AD24B37","expansion_state":0,"options":{"engine":"r","label":"unnamed-chunk-170"},"row":1403,"row_count":1,"visible":true},{"chunk_id":"c0gvnm7pda4sd","chunk_label":"unnamed-chunk-104","document_id":"3AD24B37","expansion_state":0,"options":{"engine":"r","label":"unnamed-chunk-171"},"row":1415,"row_count":1,"visible":true}],"chunk_rendered_width":700,"default_chunk_options":{"comment":null,"error":false},"doc_write_time":1551366048,"working_dir":null}