"0","ggplot(toy.rubin3, aes(x = rubin3, y = covs, group = quint)) + "
"0","    geom_point() +"
"0","    geom_vline(xintercept = 1) +"
"0","    geom_vline(xintercept = c(0.8, 1.25), linetype = ""dashed"", col = ""blue"") +"
"0","    geom_vline(xintercept = c(0.5, 2), col = ""red"") +"
"0","    facet_wrap(~ quint) +"
"0","    labs(x = ""Residual Variance Ratio"", y = """","
"0","         title = ""Residual Variance Ratios by PS Quintile"","
"0","         subtitle = ""Rubin's Rule 3: The toy example"")"
