"0","## General function rubin3 to help calculate Rubin's Rule 3"
"0","rubin3 <- function(data, covlist, linps) {"
"0","  covlist2 <- as.matrix(covlist)"
"0","  res <- NA"
"0","  for(i in 1:ncol(covlist2)) {"
"0","    cov <- as.numeric(covlist2[,i])"
"0","    num <- var(resid(lm(cov ~ data$linps))[data$exposure == 1])"
"0","    den <- var(resid(lm(cov ~ data$linps))[data$exposure == 0])"
"0","    res[i] <- decim(num/den, 3)"
"0","  }"
"0","  final <- data_frame(name = names(covlist), resid.var.ratio = as.numeric(res))"
"0","  return(final)"
"0","}"
