"0","rubin2.q1 <- with(quin1, var(linps[treated==1])/var(linps[treated==0]))"
"0","rubin2.q2 <- with(quin2, var(linps[treated==1])/var(linps[treated==0]))"
"0","rubin2.q3 <- with(quin3, var(linps[treated==1])/var(linps[treated==0]))"
"0","rubin2.q4 <- with(quin4, var(linps[treated==1])/var(linps[treated==0]))"
"0","rubin2.q5 <- with(quin5, var(linps[treated==1])/var(linps[treated==0]))"
"0","rubin2.sub <- c(rubin2.q1, rubin2.q2, rubin2.q3, rubin2.q4, rubin2.q5)"
"0","names(rubin2.sub)=c(""Q1"", ""Q2"", ""Q3"", ""Q4"", ""Q5"")"
"0","rubin2.sub"
"1","         Q1 "
"1","         Q2 "
"1","         Q3 "
"1","         Q4 "
"1","         Q5 "
"1","
"
"1","0.006547378 "
"1","2.170717727 "
"1","1.054126217 "
"1","0.925867014 "
"1","1.600734926 "
"1","
"
