"0","ggplot(match_szd, aes(x = pre.szd, y = reorder(covnames, pre.szd))) +"
"0","    geom_point(col = ""black"", size = 3, pch = 1) + "
"0","    geom_point(aes(x = post.szd, y = reorder(covnames, pre.szd)), "
"0","               size = 3, col = ""blue"") +"
"0","    theme_bw() +"
"0","    geom_vline(aes(xintercept = 0)) +"
"0","    geom_vline(aes(xintercept = 10), linetype = ""dashed"", col = ""red"") +"
"0","    geom_vline(aes(xintercept = -10), linetype = ""dashed"", col = ""red"") +"
"0","    labs(x = ""Standardized Difference (%)"", y = """") "
